,City,Lat,Lng,Max Temp,Humidity,Cloudiness,Wind Speed,Country,Date
0,saint-philippe,-21.3585,55.7679,76.59,73,18,10.83,RE,1658827666
1,butaritari,3.0707,172.7902,82.2,73,99,16.82,KI,1658827667
2,hilo,19.7297,-155.09,81.28,92,75,4.61,US,1658827667
3,kaitangata,-46.2817,169.8464,45.14,94,100,16.06,NZ,1658827668
4,narsaq,60.9167,-46.05,48.42,82,88,1.3,GL,1658827668
5,vanimo,-2.6741,141.3028,80.08,85,89,7.05,PG,1658827668
6,port elizabeth,-33.918,25.5701,69.1,66,0,9.22,ZA,1658827440
7,krasnoselkup,65.7,82.4667,65.98,46,84,9.8,RU,1658827244
8,hermanus,-34.4187,19.2345,62.8,46,24,3.85,ZA,1658827669
9,nishihara,26.1842,127.7558,80.65,91,75,6.91,JP,1658827670
10,upernavik,72.7868,-56.1549,36.25,92,58,8.21,GL,1658827670
11,constitucion,-35.3333,-72.4167,53.19,91,100,14.92,CL,1658827671
12,newton,42.337,-71.2092,69.75,68,0,3.44,US,1658827641
13,aswan,24.0934,32.907,101.39,11,0,7.65,EG,1658827671
14,albany,42.6001,-73.9662,59.45,88,0,4.59,US,1658827590
15,mataura,-46.1927,168.8643,44.47,97,100,9.82,NZ,1658827672
16,jamestown,42.097,-79.2353,57.72,92,75,1.99,US,1658827500
17,azul,-36.777,-59.8585,55.35,99,100,5.64,AR,1658827672
18,saldanha,-33.0117,17.9442,64.45,68,60,9.78,ZA,1658827672
19,udachnyy,66.4167,112.4,79.45,65,91,9.66,RU,1658827673
20,port alfred,-33.5906,26.891,62.19,69,0,3.0,ZA,1658827673
21,omsukchan,62.5333,155.8,62.19,42,80,5.21,RU,1658827113
22,sitka,57.0531,-135.33,57.09,94,100,0.0,US,1658827674
23,bredasdorp,-34.5322,20.0403,64.8,37,6,4.79,ZA,1658827674
24,lavrentiya,65.5833,-171.0,39.6,84,100,12.35,RU,1658827675
25,sanandaj,35.3144,46.9923,93.22,12,20,6.91,IR,1658827675
26,usinsk,65.9939,57.5281,53.37,74,100,19.19,RU,1658827675
27,arawa,-6.2132,155.5367,77.45,90,91,2.39,PG,1658827676
28,birigui,-21.2886,-50.34,64.51,55,0,11.5,BR,1658827452
29,hithadhoo,-0.6,73.0833,83.08,73,43,10.45,MV,1658827676
30,townsville,-19.25,146.8,67.08,88,0,6.91,AU,1658827677
31,praia da vitoria,38.7333,-27.0667,76.75,83,20,3.83,PT,1658827677
32,akyab,20.15,92.9,86.43,67,29,9.28,MM,1658827678
33,hobart,-42.8794,147.3294,54.05,88,75,6.91,AU,1658827678
34,ushuaia,-54.8,-68.3,31.66,74,20,8.05,AR,1658827499
35,kapaa,22.0752,-159.319,79.12,81,75,18.41,US,1658827431
36,busselton,-33.65,115.3333,58.96,69,92,9.95,AU,1658827679
37,atuona,-9.8,-139.0333,77.49,73,0,15.84,PF,1658827679
38,puerto ayora,-0.7393,-90.3518,68.56,97,98,4.0,EC,1658827679
39,maarianhamina,60.0973,19.9348,64.26,94,100,19.57,AX,1658827680
40,burnie,-41.0667,145.9167,50.92,88,95,15.39,AU,1658827510
41,kidal,18.4411,1.4078,97.63,9,30,5.95,ML,1658827681
42,punta arenas,-53.15,-70.9167,32.11,80,20,5.75,CL,1658827681
43,bambous virieux,-20.3428,57.7575,75.22,78,75,12.66,MU,1658827681
44,villa rica,33.7321,-84.9191,75.78,98,95,3.06,US,1658827682
45,ajdabiya,30.7554,20.2263,90.93,37,0,14.03,LY,1658827682
46,khatanga,71.9667,102.5,80.46,31,10,4.99,RU,1658827683
47,thompson,55.7435,-97.8558,55.56,100,75,2.3,CA,1658827683
48,port lincoln,-34.7333,135.8667,54.28,70,67,8.08,AU,1658827683
49,chicama,-7.8447,-79.1469,59.54,89,72,4.94,PE,1658827684
50,khuzhir,53.1939,107.3397,54.84,89,100,9.4,RU,1658827684
51,new norfolk,-42.7826,147.0587,53.71,80,65,2.98,AU,1658827684
52,rikitea,-23.1203,-134.9692,75.22,74,83,8.28,PF,1658827685
53,bom jesus,-9.0744,-44.3586,63.52,83,93,2.35,BR,1658827685
54,esmeraldas,-19.7625,-44.3139,56.44,84,0,3.53,BR,1658827686
55,samarai,-10.6167,150.6667,79.12,77,81,11.32,PG,1658827179
56,bengkulu,-3.8004,102.2655,82.53,67,87,5.35,ID,1658827731
57,baffa,34.4378,73.2194,84.61,67,100,5.21,PK,1658827731
58,hobyo,5.3505,48.5268,83.93,57,14,23.62,SO,1658827732
59,cape town,-33.9258,18.4232,69.28,42,0,1.99,ZA,1658827456
60,oyama,36.3,139.8,85.59,76,100,8.39,JP,1658827732
61,ribeira grande,38.5167,-28.7,75.6,88,40,5.75,PT,1658827733
62,lebu,-37.6167,-73.65,51.91,88,28,17.96,CL,1658827733
63,ascension,30.2169,-90.9001,79.05,96,0,0.0,US,1658827734
64,tuktoyaktuk,69.4541,-133.0374,55.13,65,100,16.93,CA,1658827734
65,barra do garcas,-15.89,-52.2567,64.0,51,0,2.71,BR,1658827734
66,pisco,-13.7,-76.2167,60.85,88,75,2.3,PE,1658827249
67,aguie,13.506,7.7786,85.96,59,89,20.13,NE,1658827181
68,laukaa,58.7372,29.8453,76.91,45,100,5.57,RU,1658827735
69,bondo,3.8146,23.6866,70.9,98,100,3.18,CD,1658827735
70,hasaki,35.7333,140.8333,82.8,90,100,18.72,JP,1658827545
71,torbay,47.6666,-52.7314,67.39,91,100,23.02,CA,1658827736
72,pevek,69.7008,170.3133,35.65,78,89,13.6,RU,1658827736
73,cibinong,-6.4817,106.8542,86.05,60,78,2.98,ID,1658827737
74,georgetown,5.4112,100.3354,88.95,77,20,10.36,MY,1658827516
75,pindamonhangaba,-22.9239,-45.4617,52.05,87,0,1.14,BR,1658827704
76,markala,13.7021,-6.0659,83.52,63,100,10.8,ML,1658827737
77,lima,-12.0432,-77.0282,57.45,88,100,9.22,PE,1658827495
78,ponta do sol,32.6667,-17.1,86.13,40,23,4.83,PT,1658827302
79,rio gallegos,-51.6226,-69.2181,17.65,100,0,6.91,AR,1658827564
80,arraial do cabo,-22.9661,-42.0278,67.86,94,0,8.05,BR,1658827738
81,shiloh,38.5614,-89.8973,65.93,99,75,6.91,US,1658827739
82,springbok,-29.6643,17.8865,57.78,44,0,4.61,ZA,1658827739
83,kavieng,-2.5744,150.7967,83.01,72,35,14.41,PG,1658827739
84,shymkent,42.3,69.6,104.59,7,0,6.71,KZ,1658827740
85,batagay-alyta,67.8006,130.4114,80.65,37,57,9.22,RU,1658827741
86,esperance,-33.8667,121.9,60.91,50,94,12.75,AU,1658827741
87,yanam,16.7333,82.2167,89.76,60,83,4.85,IN,1658827741
88,vaini,-21.2,-175.2,71.76,94,20,4.61,TO,1658827742
89,santa lucia,27.9117,-15.5407,77.76,54,0,19.57,ES,1658827742
90,bilibino,68.0546,166.4372,43.68,60,75,14.74,RU,1658827743
91,damara,4.9608,18.7035,75.02,85,97,7.56,CF,1658827743
92,yellowknife,62.456,-114.3525,54.12,87,20,4.61,CA,1658827743
93,severo-kurilsk,50.6789,156.125,52.48,89,100,1.97,RU,1658827744
94,chokurdakh,70.6333,147.9167,56.73,38,45,17.87,RU,1658827744
95,bubaque,11.2833,-15.8333,78.96,81,83,11.77,GW,1658827744
96,partizanskoye,55.5006,94.39,61.03,77,94,11.05,RU,1658827745
97,harwich,51.9419,1.2844,69.3,58,99,4.0,GB,1658827745
98,waddan,29.1614,16.139,89.55,21,0,4.94,LY,1658827746
99,linxia,35.6003,103.2064,74.75,58,68,2.55,CN,1658827746
100,bluff,-46.6,168.3333,44.8,90,100,27.34,NZ,1658827746
101,valverde del camino,37.5751,-6.7543,81.03,29,0,7.7,ES,1658827747
102,kemin,42.7846,75.6892,97.21,17,0,10.49,KG,1658827747
103,fukue,32.6881,128.8419,80.96,78,40,4.61,JP,1658827748
104,katherine,-14.4667,132.2667,84.52,32,8,9.22,AU,1658827748
105,katsuura,35.1333,140.3,80.38,90,100,16.73,JP,1658827748
106,iquique,-20.2208,-70.1431,57.24,79,10,7.16,CL,1658827749
107,brownsville,25.9018,-97.4975,80.96,87,20,5.75,US,1658827671
108,qaanaaq,77.484,-69.3632,38.26,66,10,4.52,GL,1658827749
109,cap malheureux,-19.9842,57.6142,75.47,65,0,11.01,MU,1658827750
110,maldonado,-34.6667,-54.9167,60.22,97,97,9.86,UY,1658827586
111,sharkan,57.2989,53.8712,75.4,63,18,10.25,RU,1658827750
112,bareli,28.35,79.4167,95.83,43,90,13.22,IN,1658827796
113,port hardy,50.6996,-127.4199,57.38,94,100,2.3,CA,1658827796
114,talaya,61.3833,152.75,68.18,44,93,6.87,RU,1658827796
115,rawson,-43.3002,-65.1023,45.84,96,100,7.11,AR,1658827797
116,smithers,54.7804,-127.1743,62.92,82,0,5.75,CA,1658827797
117,biak,-0.9131,122.8766,79.2,81,67,6.71,ID,1658827798
118,mecca,21.4267,39.8261,101.5,28,74,7.31,SA,1658827784
119,hamilton,39.1834,-84.5333,72.88,81,40,0.0,US,1658827766
120,beringovskiy,63.05,179.3167,47.41,89,99,9.17,RU,1658827798
121,bathsheba,13.2167,-59.5167,81.21,93,40,16.11,BB,1658827799
122,airai,-8.9266,125.4092,63.82,64,42,3.83,TL,1658827799
123,avarua,-21.2078,-159.775,69.85,73,75,6.91,CK,1658827799
124,yining,29.0361,114.5636,99.79,42,99,4.81,CN,1658827800
125,gaoua,10.2992,-3.2508,79.34,68,77,8.34,BF,1658827800
126,san remo,43.8182,7.7612,85.05,73,2,6.11,IT,1658827801
127,mattru,7.6244,-11.8332,80.19,68,8,2.39,SL,1658827801
128,berbera,10.4396,45.0143,99.45,32,36,19.19,SO,1658827802
129,thoen,17.6129,99.2161,84.43,76,79,2.04,TH,1658827802
130,beira,-19.8436,34.8389,71.13,60,9,10.45,MZ,1658827541
131,havre-saint-pierre,50.2334,-63.5986,55.76,94,75,5.75,CA,1658827803
132,cherskiy,68.75,161.3,45.36,60,20,13.69,RU,1658827803
133,mahebourg,-20.4081,57.7,75.25,78,75,12.66,MU,1658827804
134,tiksi,71.6872,128.8694,52.97,79,94,1.21,RU,1658827804
135,tynda,55.1667,124.7167,76.32,75,89,2.1,RU,1658827804
136,olafsvik,64.8945,-23.7142,52.38,87,100,9.6,IS,1658827805
137,tura,25.5198,90.2201,82.31,72,97,4.0,IN,1658827805
138,zhanaozen,43.3,52.8,87.94,28,0,14.76,KZ,1658827806
139,faanui,-16.4833,-151.75,78.35,71,87,5.32,PF,1658827806
140,murray bridge,-35.1167,139.2667,53.13,76,39,6.76,AU,1658827806
141,kirsanov,52.6549,42.7224,83.14,44,9,7.76,RU,1658827807
142,mount isa,-20.7333,139.5,67.77,32,0,12.66,AU,1658827807
143,mount pleasant,32.7941,-79.8626,82.99,89,40,5.75,US,1658827536
144,barrow,71.2906,-156.7887,35.62,93,100,32.21,US,1658827808
145,san cristobal,7.7669,-72.225,64.0,92,96,1.95,VE,1658827808
146,zeya,53.75,127.2667,83.23,56,1,1.79,RU,1658827809
147,vysotsk,60.6288,28.5705,72.18,58,87,10.33,RU,1658827809
148,kabalo,-6.05,26.9167,91.76,24,30,12.08,CD,1658827810
149,roebourne,-20.7833,117.1333,72.73,33,1,3.87,AU,1658827810
150,rincon,32.296,-81.2354,82.85,83,0,5.75,US,1658827811
151,palmer,42.1584,-72.3287,64.24,76,75,0.0,US,1658827811
152,sao filipe,14.8961,-24.4956,77.79,86,92,1.54,CV,1658827812
153,vila velha,-20.3297,-40.2925,64.94,95,40,2.3,BR,1658827786
154,ternate,0.8,127.4,81.21,79,98,4.5,ID,1658827812
155,bulgan,48.8125,103.5347,53.98,92,100,4.21,MN,1658827813
156,nome,64.5011,-165.4064,44.67,82,100,18.41,US,1658827813
157,north bend,43.4065,-124.2243,59.92,99,100,5.75,US,1658827814
158,isangel,-19.55,169.2667,69.91,94,100,1.14,VU,1658827814
159,geraldton,-28.7667,114.6,64.81,52,15,5.75,AU,1658827814
160,whitehorse,60.7161,-135.0538,61.57,67,75,19.57,CA,1658827815
161,brewster,41.3973,-73.6171,68.14,87,0,3.13,US,1658827815
162,egvekinot,66.3167,-179.1667,39.74,69,48,5.55,RU,1658827816
163,marzuq,14.4,46.4667,94.44,26,82,8.55,YE,1658827816
164,paita,-5.0892,-81.1144,62.96,90,47,10.63,PE,1658827816
165,gizo,-8.103,156.8419,82.15,76,90,7.96,SB,1658827817
166,neiafu,-18.65,-173.9833,76.37,65,72,16.91,TO,1658827860
167,qobustan,40.0824,49.412,83.19,48,0,13.0,AZ,1658827861
168,erzin,36.9559,36.2,93.13,29,0,7.56,TR,1658827861
169,carutapera,-1.195,-46.02,76.46,92,93,5.12,BR,1658827862
170,port macquarie,-31.4333,152.9167,59.9,57,11,15.14,AU,1658827862
171,vostok,46.4856,135.8833,67.64,87,64,1.12,RU,1658827862
172,clyde river,70.4692,-68.5914,37.63,100,100,8.05,CA,1658827863
173,san quintin,30.4833,-115.95,66.11,89,21,7.94,MX,1658827863
174,kodiak,57.79,-152.4072,47.71,71,0,5.75,US,1658827864
175,castro,-24.7911,-50.0119,52.68,80,0,2.17,BR,1658827864
176,rantepao,-2.9701,119.8978,69.76,98,99,1.97,ID,1658827865
177,tarbes,43.25,0.1667,66.31,94,100,3.44,FR,1658827865
178,maroantsetra,-15.4333,49.7333,72.27,75,60,7.02,MG,1658827866
179,souillac,-20.5167,57.5167,73.78,78,75,12.66,MU,1658827867
180,vao,-22.6667,167.4833,68.25,64,1,11.74,NC,1658827867
181,kieta,-6.2167,155.6333,78.53,85,95,2.46,PG,1658827868
182,trincomalee,8.5711,81.2335,82.96,76,91,12.1,LK,1658827868
183,ketchikan,55.3422,-131.6461,63.07,82,0,10.36,US,1658827746
184,vestmanna,62.1564,-7.1664,49.12,81,75,10.36,FO,1658827868
185,ilulissat,69.2167,-51.1,44.62,93,75,2.3,GL,1658827869
186,terrace bay,48.7834,-87.1,47.12,86,20,3.69,CA,1658827869
187,neuquen,-38.9516,-68.0591,42.69,93,100,0.0,AR,1658827870
188,buin,-33.7333,-70.75,49.73,89,85,0.6,CL,1658827870
189,riverton,40.5219,-111.9391,79.84,43,0,8.01,US,1658827801
190,ilebo,-4.3167,20.5833,92.93,29,88,2.51,CD,1658827871
191,te anau,-45.4167,167.7167,41.32,98,100,3.89,NZ,1658827871
192,saskylakh,71.9167,114.0833,80.65,35,53,5.64,RU,1658827872
193,manokwari,-0.8667,134.0833,80.78,77,99,9.04,ID,1658827872
194,mumbwa,-14.9783,27.0619,74.71,22,0,11.23,ZM,1658827873
195,praya,14.9215,-23.5087,81.14,65,20,5.75,CV,1658827873
196,college,64.8569,-147.8028,55.38,78,75,10.36,US,1658827873
197,umm kaddadah,13.6017,26.6876,93.22,33,99,14.61,SD,1658827874
198,cidreira,-30.1811,-50.2056,60.42,96,16,10.47,BR,1658827874
199,xapuri,-10.6517,-68.5044,70.99,85,5,0.29,BR,1658827875
200,beloha,-25.1667,45.05,77.0,39,5,8.95,MG,1658827875
201,banda aceh,5.5577,95.3222,81.32,82,89,9.8,ID,1658827875
202,vallenar,-28.5708,-70.7581,52.02,76,0,0.51,CL,1658827876
203,mandera,3.9366,41.867,91.51,25,6,21.77,KE,1658827876
204,kasangulu,-4.5911,15.1708,74.34,41,29,7.31,CD,1658827877
205,guerrero negro,27.9769,-114.0611,67.62,85,85,3.09,MX,1658827877
206,bilma,18.6853,12.9164,99.34,12,79,6.35,NE,1658827878
207,mahenge,-8.6833,36.7167,73.83,48,97,4.07,TZ,1658827878
208,vila,42.0304,-8.1588,68.7,54,1,3.62,PT,1658827879
209,axim,4.8699,-2.2405,78.57,74,96,6.98,GH,1658827879
210,nanortalik,60.1432,-45.2371,43.2,93,100,3.58,GL,1658827879
211,alice springs,-23.7,133.8833,56.75,38,0,8.05,AU,1658827588
212,high prairie,55.4334,-116.4858,52.74,88,37,3.83,CA,1658827880
213,port hedland,-20.3167,118.5667,80.65,29,1,6.91,AU,1658827595
214,bayan,46.0833,127.4,81.36,76,82,4.59,CN,1658827880
215,russell,32.3502,-85.1999,74.8,94,0,3.44,US,1658827881
216,vermillion,42.7794,-96.9292,68.16,74,98,8.9,US,1658827881
217,mount gambier,-37.8333,140.7667,49.91,93,100,10.36,AU,1658827737
218,fortuna,40.5982,-124.1573,55.92,89,32,1.79,US,1658827882
219,piopio,-38.4667,175.0167,55.09,98,100,8.59,NZ,1658827882
220,ola,59.5833,151.2833,70.14,93,22,6.08,RU,1658827882
221,dukat,62.55,155.55,57.87,47,96,4.5,RU,1658827883
222,acapulco,16.8634,-99.8901,80.42,83,75,2.3,MX,1658827871
223,terney,45.0503,136.6092,70.12,93,64,2.1,RU,1658827883
224,kalmunai,7.4167,81.8167,85.8,66,94,11.68,LK,1658827925
225,talakan,50.3167,130.3667,79.11,74,24,2.89,RU,1658827925
226,villarrica,-25.75,-56.4333,64.51,72,0,4.65,PY,1658827926
227,rafaela,-31.2503,-61.4867,63.99,70,76,1.01,AR,1658827926
228,mar del plata,-38.0023,-57.5575,55.09,98,100,4.0,AR,1658827926
229,tautira,-17.7333,-149.15,75.81,79,97,11.99,PF,1658827927
230,sisimiut,66.9395,-53.6735,41.29,94,100,8.57,GL,1658827927
231,vardo,70.3705,31.1107,58.98,94,75,13.8,NO,1658827928
232,haines junction,60.7522,-137.5108,58.95,72,80,6.91,CA,1658827928
233,vilyuysk,63.7553,121.6247,82.6,51,0,7.05,RU,1658827928
234,belmonte,-15.8631,-38.8828,70.54,79,30,7.4,BR,1658827929
235,kondagaon,19.6,81.6667,82.54,72,100,3.38,IN,1658827929
236,hami,42.8,93.45,99.32,6,1,24.02,CN,1658827930
237,westport,41.1415,-73.3579,72.95,85,100,0.0,US,1658827805
238,tasiilaq,65.6145,-37.6368,41.16,91,100,4.83,GL,1658827930
239,riyadh,24.6877,46.7219,104.14,9,94,9.64,SA,1658827913
240,amboasary,-25.0333,46.3833,72.55,64,84,6.17,MG,1658827931
241,gomel,52.4345,30.9754,75.15,55,24,4.74,BY,1658827931
242,sorland,67.667,12.6934,53.46,93,100,26.73,NO,1658827932
243,port-gentil,-0.7193,8.7815,76.96,78,75,12.66,GA,1658827932
244,kruisfontein,-34.0033,24.7314,67.89,28,0,8.97,ZA,1658827933
245,lincoln,40.8,-96.667,67.91,86,100,5.75,US,1658827809
246,lasa,46.6166,10.7002,77.68,62,9,1.12,IT,1658827933
247,dinan,48.4167,-2.25,66.74,53,100,8.32,FR,1658827934
248,zhanakorgan,43.9098,67.2495,105.24,12,90,8.88,KZ,1658827934
249,longyearbyen,78.2186,15.6401,51.64,71,75,12.66,SJ,1658827935
250,huilong,31.8111,121.655,78.93,85,55,13.56,CN,1658827935
251,kiunga,-6.1219,141.2906,73.47,99,94,2.82,PG,1658827935
252,leiyang,26.4024,112.8591,97.99,41,21,6.55,CN,1658827936
253,labuhan,-6.8844,112.2051,81.66,63,100,7.23,ID,1658827936
254,uromi,6.7,6.3333,76.33,83,99,5.23,NG,1658827937
255,kenai,60.5544,-151.2583,53.1,72,0,28.77,US,1658827937
256,mehamn,71.0357,27.8492,62.55,77,75,6.91,NO,1658827937
257,bollnas,61.3482,16.3946,67.19,60,100,8.81,SE,1658827938
258,miracema do tocantins,-9.5618,-48.3967,69.84,52,92,3.69,BR,1658827938
259,naze,28.3667,129.4833,83.32,74,35,6.49,JP,1658827939
260,faya,18.3851,42.4509,79.32,34,100,3.18,SA,1658827939
261,walvis bay,-22.9575,14.5053,55.09,87,100,2.3,NA,1658827940
262,itoman,26.1247,127.6694,81.37,92,75,6.91,JP,1658827940
263,nikolskoye,59.7035,30.7861,77.88,37,100,5.37,RU,1658827940
264,mawlaik,23.6333,94.4167,87.62,72,98,2.77,MM,1658827941
265,bell ville,-32.6259,-62.6887,58.66,91,100,4.07,AR,1658827941
266,sagua la grande,22.8067,-80.0756,76.19,92,69,7.49,CU,1658827942
267,castellammare del golfo,38.0188,12.8858,92.34,41,0,8.12,IT,1658827942
268,corrales,35.2378,-106.6067,74.68,60,0,10.36,US,1658827943
269,otane,-39.8833,176.6333,56.01,86,69,7.05,NZ,1658827943
270,kamiiso,41.8167,140.65,73.78,88,40,8.05,JP,1658827943
271,husavik,66.0449,-17.3389,50.14,88,100,0.74,IS,1658827944
272,qandala,11.472,49.8728,95.29,39,81,2.73,SO,1658827944
273,krasnyy kut,50.95,46.9667,83.23,42,43,12.1,RU,1658827945
274,hambantota,6.1241,81.1185,86.34,84,20,4.61,LK,1658827945
275,east london,-33.0153,27.9116,67.14,42,0,6.91,ZA,1658827946
276,villarrobledo,39.2699,-2.6012,88.77,14,0,5.23,ES,1658827989
277,caravelas,-17.7125,-39.2481,69.31,86,14,2.98,BR,1658827989
278,nizhniye vyazovyye,55.7988,48.5248,80.6,59,61,7.49,RU,1658827990
279,tabuk,17.4189,121.4443,81.3,84,100,3.29,PH,1658827990
280,maceio,-9.6658,-35.7353,71.04,88,100,4.61,BR,1658827991
281,arman,59.7,150.1667,70.02,87,15,4.54,RU,1658827991
282,corn island,12.1694,-83.0418,78.4,84,100,9.73,NI,1658827992
283,maple creek,49.9168,-109.4848,61.21,88,40,3.44,CA,1658827844
284,pomabamba,-8.8333,-77.4667,45.19,89,85,1.41,PE,1658827993
285,puerto del rosario,28.5004,-13.8627,83.95,54,0,20.71,ES,1658827993
286,aklavik,68.2191,-135.0107,62.49,57,99,10.65,CA,1658827993
287,leningradskiy,69.3833,178.4167,32.81,97,100,12.46,RU,1658827994
288,kavaratti,10.5669,72.642,81.66,76,71,16.89,IN,1658827994
289,cabo san lucas,22.8909,-109.9124,80.62,71,11,7.0,MX,1658827995
290,bethel,41.3712,-73.414,70.16,76,0,4.05,US,1658827995
291,hope,33.6671,-93.5916,84.25,75,93,6.76,US,1658827995
292,nisko,50.5199,22.1397,82.92,49,100,3.0,PL,1658827996
293,gat,31.61,34.7642,93.78,27,0,11.36,IL,1658827996
294,vestmannaeyjar,63.4427,-20.2734,52.79,87,40,4.61,IS,1658827997
295,lodja,-3.4833,23.4333,96.24,21,72,5.79,CD,1658827997
296,preobrazheniye,42.9019,133.9064,69.98,93,40,7.38,RU,1658827997
297,bandarbeyla,9.4942,50.8122,90.79,41,86,26.93,SO,1658827998
298,qaqortoq,60.7167,-46.0333,43.29,94,99,2.04,GL,1658827998
299,inirida,3.8653,-67.9239,71.31,99,98,2.1,CO,1658827999
300,shache,38.4167,77.2406,104.34,10,4,3.8,CN,1658827999
301,palmerston,-12.486,130.9833,81.03,67,0,4.61,AU,1658827999
302,chongqing,29.5628,106.5528,105.22,41,0,4.47,CN,1658827893
303,almeria,37.1667,-2.3333,94.44,26,0,8.03,ES,1658828000
304,zhezkazgan,47.8043,67.7144,93.18,13,40,11.18,KZ,1658828000
305,oxapampa,-10.5775,-75.4017,57.83,97,100,1.79,PE,1658828001
306,half moon bay,37.4636,-122.4286,62.42,89,100,6.91,US,1658828001
307,rio grande,-32.035,-52.0986,61.95,98,32,8.43,BR,1658828001
308,provideniya,64.3833,-173.3,42.84,77,63,7.05,RU,1658828002
309,goderich,43.7501,-81.7165,57.9,94,76,5.75,CA,1658827845
310,norman wells,65.282,-126.8329,60.84,67,75,6.91,CA,1658828002
311,sobolevo,54.4299,31.8996,73.67,66,8,3.38,RU,1658828003
312,kalachinsk,55.0529,74.5751,83.79,48,15,9.08,RU,1658828003
313,tarakan,3.3,117.6333,83.32,71,90,8.3,ID,1658828004
314,evensk,61.95,159.2333,50.7,93,100,3.4,RU,1658828004
315,kasongo-lunda,-6.4667,16.8167,91.09,17,7,7.34,CD,1658828004
316,kurumkan,54.3,110.3,68.92,75,67,5.01,RU,1658828005
317,berlevag,70.8578,29.0864,62.6,82,75,6.91,NO,1658828005
318,marang,5.2056,103.2059,76.91,80,92,8.01,MY,1658828005
319,jambi,-1.6,103.6167,85.26,68,95,2.57,ID,1658828006
320,broken hill,-31.95,141.4333,49.91,51,1,8.12,AU,1658828006
321,tuatapere,-46.1333,167.6833,44.46,94,100,12.28,NZ,1658828007
322,ninghai,29.2892,121.4247,85.68,77,56,6.38,CN,1658828007
323,dikson,73.5069,80.5464,51.08,65,26,22.19,RU,1658828008
324,anloga,5.7947,0.8973,77.59,82,100,16.31,GH,1658828008
325,lipari,38.4674,14.954,88.0,68,0,6.26,IT,1658828008
326,severo-yeniseyskiy,60.3725,93.0408,62.71,69,100,7.36,RU,1658828009
327,mahajanga,-15.7167,46.3167,89.62,33,20,6.91,MG,1658828009
328,suruc,36.9761,38.425,98.4,11,0,9.35,TR,1658828009
329,teguise,29.0605,-13.564,88.02,33,0,26.46,ES,1658828010
330,adrar,20.5022,-10.0711,94.93,31,34,6.62,MR,1658828010
331,tete,-16.1564,33.5867,75.29,60,75,11.5,MZ,1658828054
332,arinos,-15.9169,-46.1056,58.78,67,0,1.16,BR,1658828054
333,padang,-0.9492,100.3543,86.05,73,83,4.03,ID,1658828055
334,namibe,-15.1961,12.1522,65.03,82,100,0.0,AO,1658828055
335,poum,-20.2333,164.0167,73.9,72,27,10.38,NC,1658828055
336,vila franca do campo,37.7167,-25.4333,72.01,85,62,4.59,PT,1658828056
337,antofagasta,-23.65,-70.4,56.48,83,53,3.76,CL,1658828056
338,waynesville,35.4887,-82.9887,69.64,79,80,1.01,US,1658828057
339,port keats,-14.25,129.55,74.46,55,52,4.83,AU,1658828057
340,general roca,-39.0333,-67.5833,44.24,91,100,10.51,AR,1658828057
341,byron bay,-28.65,153.6167,67.96,65,0,13.49,AU,1658828058
342,matara,5.9485,80.5353,84.92,69,34,14.25,LK,1658828058
343,heishan,41.6892,122.1128,79.3,77,18,10.27,CN,1658828059
344,revelstoke,50.9832,-118.2023,68.02,68,0,6.91,CA,1658827845
345,yulara,-25.2406,130.9889,55.54,34,0,10.74,AU,1658828059
346,guangyuan,32.442,105.823,89.65,68,51,4.43,CN,1658828059
347,sola,-13.8833,167.55,77.67,94,40,0.0,VU,1658828060
348,plettenberg bay,-34.0527,23.3716,69.85,33,0,1.01,ZA,1658828060
349,la ronge,55.1001,-105.2842,59.22,72,75,9.22,CA,1658827844
350,zambezi,-13.5432,23.1047,81.39,18,0,11.23,ZM,1658828061
351,chuy,-33.6971,-53.4616,58.03,99,89,6.06,UY,1658828061
352,baruun-urt,46.6806,113.2792,72.23,57,12,17.4,MN,1658828062
353,san patricio,28.017,-97.5169,86.85,84,38,5.55,US,1658828062
354,luderitz,-26.6481,15.1594,58.82,68,68,17.54,NA,1658828062
355,whitianga,-36.8333,175.7,55.13,86,97,18.43,NZ,1658828063
356,minot,48.2325,-101.2963,62.82,88,75,8.05,US,1658827946
357,tarauaca,-8.1614,-70.7656,70.63,92,27,1.63,BR,1658828025
358,killybegs,54.6333,-8.45,56.91,67,22,5.79,IE,1658828064
359,masuda,34.6667,131.85,80.87,83,40,6.91,JP,1658828064
360,dingle,10.9995,122.6711,80.17,87,92,5.93,PH,1658828064
361,cervo,43.6702,-7.4101,63.48,78,100,6.35,ES,1658828065
362,nisia floresta,-6.0911,-35.2086,71.98,85,42,10.11,BR,1658828065
363,mahibadhoo,3.7833,72.9667,82.94,73,91,16.58,MV,1658828066
364,alakurtti,66.9672,30.3491,59.31,90,100,8.32,RU,1658828066
365,ixtapa,20.7,-105.2,78.22,94,20,1.01,MX,1658828067
366,bageshwar,29.85,79.7667,79.0,80,99,2.77,IN,1658828067
367,istisu,40.9457,48.0738,77.67,47,0,8.7,AZ,1658828067
368,aranos,-24.1333,19.1167,78.78,19,9,19.62,NA,1658828068
369,atasu,48.6814,71.6433,91.26,13,99,5.82,KZ,1658828068
370,iqaluit,63.7506,-68.5145,42.53,93,20,0.0,CA,1658827992
371,fare,-16.7,-151.0167,78.26,71,72,4.92,PF,1658828069
372,almaznyy,48.0448,40.045,81.68,40,52,10.85,RU,1658828069
373,ahuimanu,21.4447,-157.8378,78.51,76,100,11.5,US,1658828070
374,surt,31.2089,16.5887,85.39,54,0,10.25,LY,1658828070
375,brae,60.3964,-1.353,51.75,72,99,18.68,GB,1658828070
376,agaro,7.85,36.65,72.55,77,98,2.51,ET,1658828071
377,breisach,48.0333,7.5833,79.0,48,0,11.5,DE,1658828071
378,chaman,30.9236,66.4512,90.9,37,77,3.85,PK,1658828072
379,lagoa,39.05,-27.9833,73.26,89,1,10.6,PT,1658828072
380,touros,-5.1989,-35.4608,72.77,81,6,14.0,BR,1658828072
381,klaksvik,62.2266,-6.589,50.92,82,83,4.94,FO,1658828073
382,nemuro,43.3236,145.575,63.91,93,8,7.81,JP,1658828073
383,monrovia,6.3005,-10.7969,76.77,71,96,0.63,LR,1658827845
384,ancud,-41.8697,-73.8203,50.23,91,77,9.89,CL,1658828074
385,hermosillo,29.0667,-110.9667,84.11,68,100,6.91,MX,1658827979
386,kiruna,67.8557,20.2251,58.12,94,100,6.91,SE,1658828118
387,manutuke,-38.6833,177.9167,56.41,82,47,9.75,NZ,1658828119
388,batemans bay,-35.7167,150.1833,47.32,84,76,7.18,AU,1658828119
389,the valley,18.217,-63.0578,81.1,77,30,17.63,AI,1658828119
390,nanga eboko,4.6833,12.3667,76.86,70,97,4.16,CM,1658828120
391,klyuchi,52.2667,79.1667,85.37,27,4,6.98,RU,1658828120
392,san rafael,-34.6177,-68.3301,45.79,95,12,6.24,AR,1658827865
393,ipanema,-30.1391,-51.2244,62.65,95,100,4.61,BR,1658828121
394,syamzha,60.0158,41.0614,75.42,53,72,5.28,RU,1658828121
395,chistoye,56.5375,43.0045,84.09,45,8,5.39,RU,1658828122
396,mabaruma,8.2,-59.7833,71.73,94,98,1.16,GY,1658828123
397,pangnirtung,66.1451,-65.7125,44.33,83,38,3.71,CA,1658828123
398,vitim,59.4511,112.5578,87.73,39,28,5.32,RU,1658828123
399,kirando,-7.4167,30.6,79.12,50,30,13.96,TZ,1658828124
400,yeppoon,-23.1333,150.7333,65.98,85,0,6.11,AU,1658828124
401,okhotsk,59.3833,143.3,58.39,85,3,9.04,RU,1658828124
402,paamiut,61.994,-49.6678,43.3,89,100,7.63,GL,1658828125
403,ahipara,-35.1667,173.1667,55.74,81,38,21.65,NZ,1658828125
404,cedar rapids,42.0083,-91.6441,62.35,94,0,1.01,US,1658828101
405,kaabong,3.4836,34.1492,74.79,54,89,10.87,UG,1658828126
406,bay roberts,47.5999,-53.2648,69.33,95,96,11.01,CA,1658828126
407,carnarvon,-24.8667,113.6333,66.94,52,0,13.96,AU,1658828127
408,salalah,17.0151,54.0924,77.09,100,100,12.66,OM,1658828127
409,thomasville,35.8826,-80.082,73.6,95,100,5.64,US,1658828128
410,comodoro rivadavia,-45.8667,-67.5,37.26,70,75,10.36,AR,1658828128
411,dali,25.7,100.1833,72.41,72,77,5.23,CN,1658828128
412,kearney,40.6995,-99.0815,64.96,99,100,5.75,US,1658828129
413,binzhou,37.3667,118.0167,84.27,65,8,9.73,CN,1658828129
414,jacmel,18.2342,-72.5347,80.44,79,15,3.78,HT,1658828130
415,imbituba,-28.24,-48.6703,63.09,97,1,8.99,BR,1658828130
416,sakakah,29.9697,40.2064,103.57,8,0,2.3,SA,1658828130
417,juneau,58.3019,-134.4197,59.85,99,100,6.91,US,1658828131
418,salvador,13.8333,-88.9167,67.05,98,80,1.99,SV,1658827889
419,aquiraz,-3.9014,-38.3911,73.49,73,60,12.39,BR,1658827957
420,slave lake,55.2834,-114.769,62.58,72,100,5.75,CA,1658827950
421,miri,4.4148,114.0089,84.34,84,40,8.05,MY,1658828132
422,manavalakurichi,8.1333,77.3,86.02,61,42,22.01,IN,1658828132
423,maneadero,31.7167,-116.5667,66.09,86,19,3.0,MX,1658828133
424,scottsbluff,41.8666,-103.6672,66.43,89,0,8.05,US,1658828049
425,korla,41.7597,86.1469,99.72,11,25,13.78,CN,1658828133
426,hovd,48.0056,91.6419,71.56,25,2,9.55,MN,1658828134
427,lata,40.1629,-8.3327,83.48,47,1,7.16,PT,1658828134
428,jackson,42.4165,-122.8345,75.07,56,0,0.0,US,1658828134
429,taltal,-25.4,-70.4833,55.74,83,6,3.89,CL,1658827869
430,iisalmi,63.5592,27.1907,69.51,69,98,10.25,FI,1658828135
431,necochea,-38.5473,-58.7368,53.74,99,100,5.99,AR,1658828135
432,estacion coahuila,32.1939,-115.0017,87.51,51,31,9.42,MX,1658828136
433,carballo,43.213,-8.691,73.0,81,66,8.9,ES,1658828136
434,portland,45.5234,-122.6762,74.16,70,0,4.61,US,1658828137
435,antsohihy,-14.8796,47.9875,89.96,28,0,5.84,MG,1658828137
436,lorengau,-2.0226,147.2712,81.64,76,40,9.75,PG,1658828138
437,kahului,20.8947,-156.47,77.85,77,100,11.01,US,1658828030
438,boueni,-12.9025,45.0761,80.58,69,46,15.97,YT,1658828138
439,dolores,-36.3132,-57.6792,58.33,99,99,6.08,AR,1658828182
440,khelyulya,61.7333,30.6833,67.78,66,99,8.28,RU,1658828183
441,codrington,-38.2667,141.9667,51.8,84,56,11.88,AU,1658828183
442,polunochnoye,60.8697,60.4153,71.04,35,66,4.97,RU,1658828184
443,hokitika,-42.7167,170.9667,47.25,76,47,7.29,NZ,1658828184
444,tolaga bay,-38.3667,178.3,53.89,86,17,8.68,NZ,1658828184
445,eirunepe,-6.6603,-69.8736,69.35,99,16,0.78,BR,1658828185
446,hualmay,-11.0964,-77.6139,60.87,87,98,10.74,PE,1658827966
447,marawi,7.9986,124.2928,71.6,93,100,1.74,PH,1658828178
448,jojoima,7.8792,-10.7878,75.61,79,64,1.1,SL,1658828185
449,requena,39.4883,-1.1004,77.79,47,43,7.05,ES,1658828186
450,saint george,37.1041,-113.5841,72.19,83,0,0.0,US,1658828156
451,maningrida,-12.0667,134.2667,73.42,81,94,8.19,AU,1658828186
452,laguna,38.421,-121.4238,72.09,69,20,10.36,US,1658828187
453,denpasar,-8.65,115.2167,80.26,78,75,18.41,ID,1658828187
454,sikeston,36.8767,-89.5879,76.91,100,0,0.0,US,1658828188
455,panguna,-6.3164,155.4848,68.92,95,96,2.75,PG,1658828188
456,acarau,-2.8856,-40.12,75.72,77,75,12.62,BR,1658827970
457,poronaysk,49.2167,143.1167,59.52,98,100,6.6,RU,1658828188
458,tchibanga,-2.85,11.0333,80.85,53,90,3.47,GA,1658828189
459,chama,47.1821,8.4636,73.67,92,100,0.0,CH,1658828189
460,kanniyakumari,8.0833,77.5667,84.69,66,72,17.47,IN,1658828190
461,oil city,41.4339,-79.7064,58.24,97,20,3.44,US,1658828190
462,utete,-7.986,38.758,88.68,34,86,5.48,TZ,1658828190
463,basco,20.4487,121.9702,86.49,70,16,5.73,PH,1658828191
464,kurtamysh,54.9103,64.4319,82.87,49,98,5.86,RU,1658828191
465,havoysund,70.9963,24.6622,64.63,80,53,6.06,NO,1658828192
466,mountain home,43.133,-115.6912,69.28,24,0,10.36,US,1658827938
467,puerto colombia,10.9878,-74.9547,79.29,85,100,12.75,CO,1658828192
468,talladega,33.4359,-86.1058,73.51,94,0,0.0,US,1658828173
469,mugur-aksy,50.35,90.5,58.8,44,76,7.07,RU,1658828193
470,shingu,33.7333,135.9833,79.21,93,100,2.21,JP,1658828193
471,mwense,-10.3845,28.698,83.19,26,18,8.68,ZM,1658828194
472,vlakhopoulon,37.0333,21.7833,85.51,35,0,6.55,GR,1658828194
473,bunia,1.5667,30.25,80.92,40,91,9.62,CD,1658828194
474,mairena del alcor,37.373,-5.7495,93.67,27,0,2.3,ES,1658828195
475,gamba,-2.65,10.0,76.57,68,99,7.18,GA,1658828196
476,karatuzskoye,53.6072,92.8667,63.77,81,76,5.14,RU,1658828196
477,chara,56.9064,118.2631,81.16,44,50,4.56,RU,1658828196
478,okha,53.5739,142.9478,57.04,95,99,7.72,RU,1658828197
479,santa cruz,-17.8,-63.1667,71.06,94,20,6.91,BO,1658828197
480,bhum,18.4667,75.6667,81.01,64,100,9.35,IN,1658828198
481,karachi,24.9056,67.0822,85.82,74,75,13.8,PK,1658828180
482,zalesovo,53.9939,84.7431,76.64,41,68,7.27,RU,1658828198
483,alta floresta,-9.8756,-56.0861,63.46,59,17,3.76,BR,1658828198
484,kununurra,-15.7667,128.7333,85.98,20,30,9.22,AU,1658828199
485,grindavik,63.8424,-22.4338,52.27,87,100,10.36,IS,1658828199
486,sao joao da barra,-21.6403,-41.0511,66.29,86,2,4.52,BR,1658828200
487,shimoda,34.6667,138.95,80.1,93,100,10.85,JP,1658828200
488,camacha,33.0833,-16.3333,71.02,78,20,17.27,PT,1658828200
489,makakilo city,21.3469,-158.0858,77.32,69,40,8.05,US,1658828201
490,pontianak,-0.0333,109.3333,84.18,74,75,13.8,ID,1658828195
491,araouane,18.9048,-3.5265,101.28,9,97,11.12,ML,1658828201
492,uporovo,56.3109,66.2693,84.07,48,56,6.15,RU,1658828202
493,el guante,14.55,-87.1,62.67,95,25,1.41,HN,1658828202
494,verkhoyansk,67.5447,133.385,81.77,44,94,7.29,RU,1658828195
495,sembe,1.6481,14.5806,83.32,60,78,4.32,CG,1658828248
496,muskegon,43.3,-86.1334,59.25,93,0,0.0,US,1658828117
497,mersing,2.4312,103.8405,84.11,84,40,6.91,MY,1658828248
498,seguela,7.9611,-6.6731,80.98,64,44,3.06,CI,1658828249
499,meulaboh,4.1363,96.1285,77.9,89,100,6.31,ID,1658828249
500,petauke,-14.2426,31.3253,74.98,29,1,7.72,ZM,1658828249
501,aksu,41.1231,80.2644,101.03,12,0,4.03,CN,1658828250
502,quballat,36.5418,9.6633,99.9,13,0,6.96,TN,1658828250
503,nekhayevskiy,50.4106,41.7561,79.97,52,100,4.85,RU,1658828251
504,koppal,15.35,76.15,79.25,65,100,10.13,IN,1658828251
505,fort nelson,58.8053,-122.7002,60.39,82,75,5.75,CA,1658828251
506,kushmurun,52.4503,64.6311,73.98,60,100,25.26,KZ,1658828252
507,poya,-21.35,165.15,69.28,79,44,6.53,NC,1658828252
508,alvaraes,-3.2208,-64.8042,70.18,98,36,0.81,BR,1658828253
509,yerbogachen,61.2767,108.0108,84.83,43,13,11.54,RU,1658828253
510,uaua,-9.8414,-39.4817,66.36,83,100,10.63,BR,1658828253
511,kodyma,48.0988,29.1246,81.81,25,1,6.46,UA,1658828254
512,shiyan,32.6475,110.7781,87.89,64,23,7.47,CN,1658828254
513,maues,-3.3836,-57.7186,71.76,85,11,1.95,BR,1658828254
514,kuching,1.55,110.3333,86.22,74,40,3.44,MY,1658828255
515,taoudenni,22.6783,-3.9836,106.11,9,0,12.93,ML,1658828256
516,pacifica,37.6138,-122.4869,61.61,94,75,6.91,US,1658828064
517,perieti,44.4,24.55,93.06,25,0,5.44,RO,1658828256
518,marystown,47.1666,-55.1483,65.86,100,100,1.01,CA,1658828256
519,milove,49.3787,40.1302,71.26,67,100,3.87,UA,1658828257
520,muros,42.7762,-9.0603,74.08,61,4,8.05,ES,1658828257
521,lakki marwat,32.6079,70.9114,98.28,40,28,5.97,PK,1658828258
522,victoria,22.2855,114.1577,93.25,76,20,7.0,HK,1658828088
523,pandan,14.0453,124.1694,83.68,73,47,1.19,PH,1658828258
524,aksarka,66.5606,67.7975,50.23,82,100,20.71,RU,1658828259
525,saint-joseph,-21.3667,55.6167,75.58,75,24,8.39,RE,1658828259
526,lar,26.2039,83.9717,93.06,50,99,5.61,IN,1658828260
527,kharovsk,59.9642,40.1912,74.41,61,73,5.57,RU,1658828260
528,loknya,56.83,30.1467,76.51,55,24,5.12,RU,1658828260
529,vitoria do mearim,-3.4622,-44.8706,72.03,88,100,2.95,BR,1658828261
530,gambela,8.25,34.5833,88.07,50,100,3.65,ET,1658828261
531,asfi,32.2994,-9.2372,84.78,44,3,15.17,MA,1658828261
532,san martin,-33.081,-68.4681,52.34,90,33,6.42,AR,1658828262
533,kirakira,-10.4544,161.9205,79.0,86,61,8.88,SB,1658828262
534,roald,62.5833,6.1333,57.9,94,75,13.8,NO,1658828263
535,ostrovnoy,68.0531,39.5131,67.78,51,100,19.82,RU,1658828263
536,moree,-29.4667,149.85,50.18,53,0,13.44,AU,1658828263
537,skjervoy,70.0311,20.9714,60.8,88,73,10.25,NO,1658828264
538,anadyr,64.75,177.4833,48.7,81,0,4.47,RU,1658828264
539,khovu-aksy,51.1333,93.6,62.65,43,97,4.29,RU,1658828265
540,ofunato,39.0717,141.7167,75.09,95,46,3.6,JP,1658828265
541,lufilufi,-13.8745,-171.5986,76.78,81,75,19.64,WS,1658828266
542,milos,36.75,24.4333,75.54,73,0,18.59,GR,1658828266
543,buchanan,5.8808,-10.0467,76.21,76,100,2.24,LR,1658828266
544,el rusio,14.4667,-86.3667,63.32,99,34,0.54,HN,1658828267
545,escanaba,45.7453,-87.0646,57.94,92,100,0.0,US,1658828013
546,dwarka,22.2394,68.9678,83.19,77,100,14.65,IN,1658828267
547,mayo,38.8876,-76.5119,75.97,90,99,1.01,US,1658828312
548,coihaique,-45.5752,-72.0662,28.35,86,0,1.14,CL,1658828225
549,gornopravdinsk,60.05,69.9,76.53,51,66,5.97,RU,1658828312
550,kimbe,-5.5502,150.1429,76.98,91,100,2.64,PG,1658828313
551,prieska,-29.6641,22.7474,72.64,29,93,16.89,ZA,1658828054
552,itaituba,-4.2761,-55.9836,71.13,68,26,0.72,BR,1658828313
553,tuburan,6.6439,122.2736,86.09,74,68,8.5,PH,1658828314
554,masvingo,-20.0637,30.8277,60.85,72,100,5.75,ZW,1658828314
555,bafra,41.5678,35.9069,83.23,46,1,9.53,TR,1658828314
556,wanning,18.8003,110.3967,86.11,69,7,5.46,CN,1658828060
557,hopkinton,41.4612,-71.7776,71.24,84,20,0.0,US,1658828315
558,kropotkin,45.4375,40.5756,86.92,35,53,10.29,RU,1658828315
559,daru,-9.0763,143.2092,76.62,86,100,15.7,PG,1658828316
560,shaunavon,49.6501,-108.4181,53.38,89,10,6.78,CA,1658828316
561,kuala terengganu,5.3302,103.1408,76.95,94,20,0.0,MY,1658828317
562,kihei,20.785,-156.4656,77.85,79,100,10.36,US,1658828317
